id,one,two,three,four,five
Recepti/20002.html,utez,utez,utez,utez,utez-prazna
Recepti/20003.html,utez,utez,utez-prazna,utez-prazna,utez-prazna
Recepti/20004.html,utez,utez,utez,utez-prazna,utez-prazna
Recepti/20005.html,utez,utez,utez-prazna,utez-prazna,utez-prazna
Recepti/20006.html,utez,utez-prazna,utez-prazna,utez-prazna,utez-prazna
Recepti/20007.html,utez,utez,utez-prazna,utez-prazna,utez-prazna
Recepti/20008.html,utez,utez,utez-prazna,utez-prazna,utez-prazna
Recepti/20009.html,utez,utez,utez-prazna,utez-prazna,utez-prazna
Recepti/20010.html,utez,utez,utez-prazna,utez-prazna,utez-prazna
Recepti/20011.html,utez,utez,utez,utez-prazna,utez-prazna
Recepti/20012.html,utez,utez,utez-prazna,utez-prazna,utez-prazna
Recepti/20013.html,utez,utez,utez,utez-prazna,utez-prazna
Recepti/20014.html,utez,utez,utez,utez-prazna,utez-prazna
Recepti/20015.html,utez,utez-prazna,utez-prazna,utez-prazna,utez-prazna
Recepti/20016.html,utez,utez,utez-prazna,utez-prazna,utez-prazna
Recepti/20017.html,utez,utez,utez-prazna,utez-prazna,utez-prazna
Recepti/20018.html,utez,utez-prazna,utez-prazna,utez-prazna,utez-prazna
Recepti/20019.html,utez,utez-prazna,utez-prazna,utez-prazna,utez-prazna
Recepti/20020.html,utez,utez,utez,utez-prazna,utez-prazna
Recepti/20021.html,utez,utez-prazna,utez-prazna,utez-prazna,utez-prazna
Recepti/20022.html,utez,utez-prazna,utez-prazna,utez-prazna,utez-prazna
Recepti/20023.html,utez,utez,utez-prazna,utez-prazna,utez-prazna
Recepti/20024.html,utez,utez,utez,utez-prazna,utez-prazna
Recepti/20025.html,utez,utez-prazna,utez-prazna,utez-prazna,utez-prazna
Recepti/20026.html,utez,utez,utez,utez-prazna,utez-prazna
Recepti/20027.html,utez,utez,utez-prazna,utez-prazna,utez-prazna
Recepti/20028.html,utez,utez,utez-prazna,utez-prazna,utez-prazna
Recepti/20029.html,utez,utez,utez,utez-prazna,utez-prazna
Recepti/20030.html,utez,utez,utez,utez-prazna,utez-prazna
Recepti/20031.html,utez,utez,utez,utez-prazna,utez-prazna
Recepti/20032.html,utez,utez,utez,utez,utez-prazna
Recepti/20033.html,utez,utez,utez-prazna,utez-prazna,utez-prazna
Recepti/20034.html,utez,utez,utez-prazna,utez-prazna,utez-prazna
Recepti/20035.html,utez,utez,utez-prazna,utez-prazna,utez-prazna
Recepti/20036.html,utez,utez,utez,utez-prazna,utez-prazna
Recepti/20037.html,utez,utez,utez-prazna,utez-prazna,utez-prazna
Recepti/20038.html,utez,utez,utez-prazna,utez-prazna,utez-prazna
Recepti/20039.html,utez,utez-prazna,utez-prazna,utez-prazna,utez-prazna
Recepti/20040.html,utez,utez,utez-prazna,utez-prazna,utez-prazna
Recepti/20041.html,utez,utez-prazna,utez-prazna,utez-prazna,utez-prazna
Recepti/20043.html,utez,utez-prazna,utez-prazna,utez-prazna,utez-prazna
Recepti/20044.html,utez,utez,utez-prazna,utez-prazna,utez-prazna
Recepti/20045.html,utez,utez-prazna,utez-prazna,utez-prazna,utez-prazna
Recepti/20046.html,utez,utez,utez,utez-prazna,utez-prazna
Recepti/20047.html,utez,utez,utez-prazna,utez-prazna,utez-prazna
Recepti/20048.html,utez,utez-prazna,utez-prazna,utez-prazna,utez-prazna
Recepti/20049.html,utez,utez,utez-prazna,utez-prazna,utez-prazna
Recepti/20051.html,utez,utez,utez,utez-prazna,utez-prazna
Recepti/20052.html,utez,utez-prazna,utez-prazna,utez-prazna,utez-prazna
Recepti/20053.html,utez,utez,utez-prazna,utez-prazna,utez-prazna
Recepti/20054.html,utez,utez-prazna,utez-prazna,utez-prazna,utez-prazna
Recepti/20055.html,utez,utez,utez-prazna,utez-prazna,utez-prazna
Recepti/20056.html,utez,utez,utez-prazna,utez-prazna,utez-prazna
Recepti/20057.html,utez,utez,utez,utez-prazna,utez-prazna
Recepti/20058.html,utez,utez-prazna,utez-prazna,utez-prazna,utez-prazna
Recepti/20059.html,utez,utez,utez-prazna,utez-prazna,utez-prazna
Recepti/20060.html,utez,utez,utez-prazna,utez-prazna,utez-prazna
Recepti/20061.html,utez,utez,utez-prazna,utez-prazna,utez-prazna
Recepti/20062.html,utez,utez,utez,utez-prazna,utez-prazna
Recepti/20063.html,utez,utez,utez-prazna,utez-prazna,utez-prazna
Recepti/20064.html,utez,utez,utez,utez-prazna,utez-prazna
Recepti/20065.html,utez,utez-prazna,utez-prazna,utez-prazna,utez-prazna
Recepti/20066.html,utez,utez,utez-prazna,utez-prazna,utez-prazna
Recepti/20067.html,utez,utez,utez-prazna,utez-prazna,utez-prazna
Recepti/20068.html,utez,utez-prazna,utez-prazna,utez-prazna,utez-prazna
Recepti/20069.html,utez,utez,utez-prazna,utez-prazna,utez-prazna
Recepti/20070.html,utez,utez-prazna,utez-prazna,utez-prazna,utez-prazna
Recepti/20071.html,utez,utez,utez-prazna,utez-prazna,utez-prazna
Recepti/20072.html,utez,utez-prazna,utez-prazna,utez-prazna,utez-prazna
Recepti/20073.html,utez,utez,utez,utez-prazna,utez-prazna
Recepti/20074.html,utez,utez,utez-prazna,utez-prazna,utez-prazna
Recepti/20075.html,utez,utez,utez,utez-prazna,utez-prazna
Recepti/20076.html,utez,utez,utez,utez-prazna,utez-prazna
Recepti/20077.html,utez,utez,utez-prazna,utez-prazna,utez-prazna
Recepti/20078.html,utez,utez,utez-prazna,utez-prazna,utez-prazna
Recepti/20079.html,utez,utez-prazna,utez-prazna,utez-prazna,utez-prazna
Recepti/20080.html,utez,utez-prazna,utez-prazna,utez-prazna,utez-prazna
Recepti/20081.html,utez,utez,utez-prazna,utez-prazna,utez-prazna
Recepti/20082.html,utez,utez,utez,utez-prazna,utez-prazna
Recepti/20083.html,utez,utez,utez-prazna,utez-prazna,utez-prazna
Recepti/20084.html,utez,utez,utez-prazna,utez-prazna,utez-prazna
Recepti/20085.html,utez,utez-prazna,utez-prazna,utez-prazna,utez-prazna
Recepti/20086.html,utez,utez-prazna,utez-prazna,utez-prazna,utez-prazna
Recepti/20087.html,utez,utez,utez-prazna,utez-prazna,utez-prazna
Recepti/20088.html,utez,utez,utez,utez-prazna,utez-prazna
Recepti/20089.html,utez,utez-prazna,utez-prazna,utez-prazna,utez-prazna
Recepti/20090.html,utez,utez,utez-prazna,utez-prazna,utez-prazna
Recepti/20091.html,utez,utez-prazna,utez-prazna,utez-prazna,utez-prazna
Recepti/20092.html,utez,utez,utez-prazna,utez-prazna,utez-prazna
Recepti/20093.html,utez,utez,utez-prazna,utez-prazna,utez-prazna
Recepti/20094.html,utez,utez-prazna,utez-prazna,utez-prazna,utez-prazna
Recepti/20095.html,utez,utez,utez-prazna,utez-prazna,utez-prazna
Recepti/20096.html,utez,utez,utez-prazna,utez-prazna,utez-prazna
Recepti/20097.html,utez,utez-prazna,utez-prazna,utez-prazna,utez-prazna
Recepti/20098.html,utez,utez,utez-prazna,utez-prazna,utez-prazna
Recepti/20099.html,utez,utez,utez,utez-prazna,utez-prazna
Recepti/20101.html,utez,utez,utez-prazna,utez-prazna,utez-prazna
Recepti/20102.html,utez,utez,utez-prazna,utez-prazna,utez-prazna
Recepti/20103.html,utez,utez-prazna,utez-prazna,utez-prazna,utez-prazna
Recepti/20104.html,utez,utez-prazna,utez-prazna,utez-prazna,utez-prazna
Recepti/20105.html,utez,utez-prazna,utez-prazna,utez-prazna,utez-prazna
Recepti/20106.html,utez,utez-prazna,utez-prazna,utez-prazna,utez-prazna
Recepti/20107.html,utez,utez,utez-prazna,utez-prazna,utez-prazna
Recepti/20108.html,utez,utez,utez-prazna,utez-prazna,utez-prazna
Recepti/20109.html,utez,utez,utez-prazna,utez-prazna,utez-prazna
Recepti/20110.html,utez,utez-prazna,utez-prazna,utez-prazna,utez-prazna
Recepti/20111.html,utez,utez,utez-prazna,utez-prazna,utez-prazna
Recepti/20112.html,utez,utez-prazna,utez-prazna,utez-prazna,utez-prazna
Recepti/20113.html,utez,utez-prazna,utez-prazna,utez-prazna,utez-prazna
Recepti/20114.html,utez,utez,utez-prazna,utez-prazna,utez-prazna
Recepti/20115.html,utez,utez,utez,utez,utez-prazna
Recepti/20116.html,utez,utez,utez-prazna,utez-prazna,utez-prazna
Recepti/20117.html,utez,utez-prazna,utez-prazna,utez-prazna,utez-prazna
Recepti/20118.html,utez,utez,utez-prazna,utez-prazna,utez-prazna
Recepti/20119.html,utez,utez-prazna,utez-prazna,utez-prazna,utez-prazna
Recepti/20120.html,utez,utez-prazna,utez-prazna,utez-prazna,utez-prazna
Recepti/20121.html,utez,utez,utez-prazna,utez-prazna,utez-prazna
Recepti/20122.html,utez,utez-prazna,utez-prazna,utez-prazna,utez-prazna
Recepti/20123.html,utez,utez,utez-prazna,utez-prazna,utez-prazna
Recepti/20124.html,utez,utez-prazna,utez-prazna,utez-prazna,utez-prazna
Recepti/20125.html,utez,utez-prazna,utez-prazna,utez-prazna,utez-prazna
Recepti/20126.html,utez,utez-prazna,utez-prazna,utez-prazna,utez-prazna
Recepti/20127.html,utez,utez,utez-prazna,utez-prazna,utez-prazna
Recepti/20128.html,utez,utez-prazna,utez-prazna,utez-prazna,utez-prazna
Recepti/20129.html,utez,utez-prazna,utez-prazna,utez-prazna,utez-prazna
Recepti/20130.html,utez,utez,utez-prazna,utez-prazna,utez-prazna
Recepti/20131.html,utez,utez-prazna,utez-prazna,utez-prazna,utez-prazna
Recepti/20132.html,utez,utez,utez,utez-prazna,utez-prazna
Recepti/20133.html,utez,utez-prazna,utez-prazna,utez-prazna,utez-prazna
Recepti/20134.html,utez,utez,utez,utez-prazna,utez-prazna
Recepti/20135.html,utez,utez-prazna,utez-prazna,utez-prazna,utez-prazna
Recepti/20136.html,utez,utez,utez-prazna,utez-prazna,utez-prazna
Recepti/20137.html,utez,utez-prazna,utez-prazna,utez-prazna,utez-prazna
Recepti/20138.html,utez,utez-prazna,utez-prazna,utez-prazna,utez-prazna
Recepti/20139.html,utez,utez,utez,utez-prazna,utez-prazna
Recepti/20140.html,utez,utez-prazna,utez-prazna,utez-prazna,utez-prazna
Recepti/20141.html,utez,utez,utez,utez-prazna,utez-prazna
Recepti/20142.html,utez,utez-prazna,utez-prazna,utez-prazna,utez-prazna
Recepti/20143.html,utez,utez,utez-prazna,utez-prazna,utez-prazna
Recepti/20144.html,utez,utez,utez-prazna,utez-prazna,utez-prazna
Recepti/20145.html,utez,utez,utez-prazna,utez-prazna,utez-prazna
Recepti/20146.html,utez,utez,utez-prazna,utez-prazna,utez-prazna
Recepti/20147.html,utez,utez,utez-prazna,utez-prazna,utez-prazna
Recepti/20148.html,utez,utez,utez-prazna,utez-prazna,utez-prazna
Recepti/20149.html,utez,utez,utez,utez,utez-prazna
Recepti/20150.html,utez,utez,utez,utez-prazna,utez-prazna
Recepti/20151.html,utez,utez-prazna,utez-prazna,utez-prazna,utez-prazna
Recepti/20152.html,utez,utez,utez-prazna,utez-prazna,utez-prazna
Recepti/20153.html,utez,utez-prazna,utez-prazna,utez-prazna,utez-prazna
Recepti/20154.html,utez,utez,utez-prazna,utez-prazna,utez-prazna
Recepti/20155.html,utez,utez,utez-prazna,utez-prazna,utez-prazna
Recepti/20156.html,utez,utez,utez-prazna,utez-prazna,utez-prazna
Recepti/20157.html,utez,utez,utez-prazna,utez-prazna,utez-prazna
Recepti/20159.html,utez,utez-prazna,utez-prazna,utez-prazna,utez-prazna
Recepti/20160.html,utez,utez-prazna,utez-prazna,utez-prazna,utez-prazna
Recepti/20161.html,utez,utez,utez-prazna,utez-prazna,utez-prazna
Recepti/20162.html,utez,utez,utez,utez-prazna,utez-prazna
Recepti/20163.html,utez,utez-prazna,utez-prazna,utez-prazna,utez-prazna
Recepti/20164.html,utez,utez,utez-prazna,utez-prazna,utez-prazna
Recepti/20165.html,utez,utez,utez-prazna,utez-prazna,utez-prazna
Recepti/20166.html,utez,utez,utez,utez-prazna,utez-prazna
Recepti/20167.html,utez,utez-prazna,utez-prazna,utez-prazna,utez-prazna
Recepti/20168.html,utez,utez,utez-prazna,utez-prazna,utez-prazna
Recepti/20169.html,utez,utez,utez,utez-prazna,utez-prazna
Recepti/20170.html,utez,utez-prazna,utez-prazna,utez-prazna,utez-prazna
Recepti/20171.html,utez,utez-prazna,utez-prazna,utez-prazna,utez-prazna
Recepti/20172.html,utez,utez,utez-prazna,utez-prazna,utez-prazna
Recepti/20173.html,utez,utez-prazna,utez-prazna,utez-prazna,utez-prazna
Recepti/20174.html,utez,utez,utez,utez-prazna,utez-prazna
Recepti/20175.html,utez,utez-prazna,utez-prazna,utez-prazna,utez-prazna
Recepti/20176.html,utez,utez-prazna,utez-prazna,utez-prazna,utez-prazna
Recepti/20177.html,utez,utez-prazna,utez-prazna,utez-prazna,utez-prazna
Recepti/20178.html,utez,utez,utez-prazna,utez-prazna,utez-prazna
Recepti/20180.html,utez,utez,utez-prazna,utez-prazna,utez-prazna
Recepti/20181.html,utez,utez,utez-prazna,utez-prazna,utez-prazna
Recepti/20182.html,utez,utez-prazna,utez-prazna,utez-prazna,utez-prazna
Recepti/20183.html,utez,utez,utez-prazna,utez-prazna,utez-prazna
Recepti/20184.html,utez,utez-prazna,utez-prazna,utez-prazna,utez-prazna
Recepti/20185.html,utez,utez,utez-prazna,utez-prazna,utez-prazna
Recepti/20186.html,utez,utez-prazna,utez-prazna,utez-prazna,utez-prazna
Recepti/20187.html,utez,utez,utez,utez-prazna,utez-prazna
Recepti/20188.html,utez,utez,utez,utez-prazna,utez-prazna
Recepti/20189.html,utez,utez,utez-prazna,utez-prazna,utez-prazna
Recepti/20190.html,utez,utez-prazna,utez-prazna,utez-prazna,utez-prazna
Recepti/20191.html,utez,utez-prazna,utez-prazna,utez-prazna,utez-prazna
Recepti/20192.html,utez,utez-prazna,utez-prazna,utez-prazna,utez-prazna
Recepti/20193.html,utez,utez-prazna,utez-prazna,utez-prazna,utez-prazna
Recepti/20194.html,utez,utez-prazna,utez-prazna,utez-prazna,utez-prazna
Recepti/20195.html,utez,utez,utez-prazna,utez-prazna,utez-prazna
Recepti/20196.html,utez,utez-prazna,utez-prazna,utez-prazna,utez-prazna
Recepti/20197.html,utez,utez-prazna,utez-prazna,utez-prazna,utez-prazna
Recepti/20198.html,utez,utez,utez,utez-prazna,utez-prazna
Recepti/20199.html,utez,utez,utez-prazna,utez-prazna,utez-prazna
Recepti/20200.html,utez,utez,utez,utez-prazna,utez-prazna
Recepti/20201.html,utez,utez,utez,utez-prazna,utez-prazna
Recepti/20202.html,utez,utez,utez-prazna,utez-prazna,utez-prazna
Recepti/20203.html,utez,utez-prazna,utez-prazna,utez-prazna,utez-prazna
Recepti/20204.html,utez,utez,utez-prazna,utez-prazna,utez-prazna
Recepti/20205.html,utez,utez,utez-prazna,utez-prazna,utez-prazna
Recepti/20206.html,utez,utez-prazna,utez-prazna,utez-prazna,utez-prazna
Recepti/20207.html,utez,utez,utez-prazna,utez-prazna,utez-prazna
Recepti/20208.html,utez,utez,utez-prazna,utez-prazna,utez-prazna
Recepti/20209.html,utez,utez,utez-prazna,utez-prazna,utez-prazna
Recepti/20210.html,utez,utez,utez-prazna,utez-prazna,utez-prazna
Recepti/20211.html,utez,utez,utez,utez-prazna,utez-prazna
Recepti/20212.html,utez,utez,utez-prazna,utez-prazna,utez-prazna
Recepti/20213.html,utez,utez,utez,utez-prazna,utez-prazna
Recepti/20214.html,utez,utez,utez-prazna,utez-prazna,utez-prazna
Recepti/20215.html,utez,utez,utez,utez-prazna,utez-prazna
Recepti/20216.html,utez,utez,utez,utez-prazna,utez-prazna
Recepti/20217.html,utez,utez,utez-prazna,utez-prazna,utez-prazna
Recepti/20218.html,utez,utez-prazna,utez-prazna,utez-prazna,utez-prazna
Recepti/20219.html,utez,utez-prazna,utez-prazna,utez-prazna,utez-prazna
Recepti/20220.html,utez,utez,utez-prazna,utez-prazna,utez-prazna
Recepti/20221.html,utez,utez-prazna,utez-prazna,utez-prazna,utez-prazna
Recepti/20222.html,utez,utez,utez-prazna,utez-prazna,utez-prazna
Recepti/20223.html,utez,utez,utez-prazna,utez-prazna,utez-prazna
Recepti/20224.html,utez,utez-prazna,utez-prazna,utez-prazna,utez-prazna
Recepti/20225.html,utez,utez,utez-prazna,utez-prazna,utez-prazna
Recepti/20226.html,utez,utez,utez,utez-prazna,utez-prazna
Recepti/20227.html,utez,utez,utez-prazna,utez-prazna,utez-prazna
Recepti/20228.html,utez,utez,utez-prazna,utez-prazna,utez-prazna
Recepti/20229.html,utez,utez,utez-prazna,utez-prazna,utez-prazna
Recepti/20230.html,utez,utez-prazna,utez-prazna,utez-prazna,utez-prazna
Recepti/20231.html,utez,utez,utez-prazna,utez-prazna,utez-prazna
Recepti/20232.html,utez,utez,utez-prazna,utez-prazna,utez-prazna
Recepti/20233.html,utez,utez,utez,utez-prazna,utez-prazna
Recepti/20234.html,utez,utez,utez-prazna,utez-prazna,utez-prazna
Recepti/20235.html,utez,utez,utez,utez-prazna,utez-prazna
Recepti/20236.html,utez,utez-prazna,utez-prazna,utez-prazna,utez-prazna
Recepti/20237.html,utez,utez-prazna,utez-prazna,utez-prazna,utez-prazna
Recepti/20238.html,utez,utez,utez-prazna,utez-prazna,utez-prazna
Recepti/20239.html,utez,utez,utez-prazna,utez-prazna,utez-prazna
Recepti/20240.html,utez,utez,utez,utez-prazna,utez-prazna
Recepti/20241.html,utez,utez,utez-prazna,utez-prazna,utez-prazna
Recepti/20242.html,utez,utez,utez-prazna,utez-prazna,utez-prazna
Recepti/20243.html,utez,utez,utez-prazna,utez-prazna,utez-prazna
Recepti/20244.html,utez,utez,utez-prazna,utez-prazna,utez-prazna
Recepti/20245.html,utez,utez-prazna,utez-prazna,utez-prazna,utez-prazna
Recepti/20246.html,utez,utez,utez-prazna,utez-prazna,utez-prazna
Recepti/20247.html,utez,utez-prazna,utez-prazna,utez-prazna,utez-prazna
Recepti/20248.html,utez,utez,utez-prazna,utez-prazna,utez-prazna
Recepti/20249.html,utez,utez,utez,utez-prazna,utez-prazna
Recepti/20250.html,utez,utez-prazna,utez-prazna,utez-prazna,utez-prazna
Recepti/20251.html,utez,utez,utez-prazna,utez-prazna,utez-prazna
Recepti/20252.html,utez,utez-prazna,utez-prazna,utez-prazna,utez-prazna
Recepti/20253.html,utez,utez,utez,utez-prazna,utez-prazna
Recepti/20254.html,utez,utez,utez,utez-prazna,utez-prazna
Recepti/20255.html,utez,utez,utez-prazna,utez-prazna,utez-prazna
Recepti/20256.html,utez,utez-prazna,utez-prazna,utez-prazna,utez-prazna
Recepti/20257.html,utez,utez-prazna,utez-prazna,utez-prazna,utez-prazna
Recepti/20258.html,utez,utez-prazna,utez-prazna,utez-prazna,utez-prazna
Recepti/20259.html,utez,utez-prazna,utez-prazna,utez-prazna,utez-prazna
Recepti/20260.html,utez,utez,utez-prazna,utez-prazna,utez-prazna
Recepti/20261.html,utez,utez-prazna,utez-prazna,utez-prazna,utez-prazna
Recepti/20262.html,utez,utez,utez,utez-prazna,utez-prazna
Recepti/20263.html,utez,utez,utez-prazna,utez-prazna,utez-prazna
Recepti/20264.html,utez,utez,utez-prazna,utez-prazna,utez-prazna
Recepti/20265.html,utez,utez,utez-prazna,utez-prazna,utez-prazna
Recepti/20266.html,utez,utez,utez,utez-prazna,utez-prazna
Recepti/20267.html,utez,utez,utez-prazna,utez-prazna,utez-prazna
Recepti/20268.html,utez,utez,utez-prazna,utez-prazna,utez-prazna
Recepti/20269.html,utez,utez,utez-prazna,utez-prazna,utez-prazna
Recepti/20270.html,utez,utez-prazna,utez-prazna,utez-prazna,utez-prazna
Recepti/20271.html,utez,utez,utez,utez-prazna,utez-prazna
Recepti/20272.html,utez,utez-prazna,utez-prazna,utez-prazna,utez-prazna
Recepti/20275.html,utez,utez,utez-prazna,utez-prazna,utez-prazna
Recepti/20276.html,utez,utez,utez-prazna,utez-prazna,utez-prazna
Recepti/20277.html,utez,utez,utez-prazna,utez-prazna,utez-prazna
Recepti/20278.html,utez,utez,utez-prazna,utez-prazna,utez-prazna
Recepti/20279.html,utez,utez,utez-prazna,utez-prazna,utez-prazna
Recepti/20280.html,utez,utez,utez,utez-prazna,utez-prazna
Recepti/20281.html,utez,utez,utez,utez-prazna,utez-prazna
Recepti/20282.html,utez,utez,utez-prazna,utez-prazna,utez-prazna
Recepti/20283.html,utez,utez,utez,utez,utez-prazna
Recepti/20284.html,utez,utez,utez-prazna,utez-prazna,utez-prazna
Recepti/20285.html,utez,utez,utez,utez-prazna,utez-prazna
Recepti/20286.html,utez,utez-prazna,utez-prazna,utez-prazna,utez-prazna
Recepti/20287.html,utez,utez,utez-prazna,utez-prazna,utez-prazna
Recepti/20288.html,utez,utez,utez-prazna,utez-prazna,utez-prazna
Recepti/20289.html,utez,utez-prazna,utez-prazna,utez-prazna,utez-prazna
Recepti/20290.html,utez,utez-prazna,utez-prazna,utez-prazna,utez-prazna
Recepti/20291.html,utez,utez-prazna,utez-prazna,utez-prazna,utez-prazna
Recepti/20292.html,utez,utez-prazna,utez-prazna,utez-prazna,utez-prazna
Recepti/20293.html,utez,utez,utez,utez,utez-prazna
Recepti/20294.html,utez,utez-prazna,utez-prazna,utez-prazna,utez-prazna
Recepti/20295.html,utez,utez,utez-prazna,utez-prazna,utez-prazna
Recepti/20296.html,utez,utez,utez-prazna,utez-prazna,utez-prazna
Recepti/20298.html,utez,utez-prazna,utez-prazna,utez-prazna,utez-prazna
Recepti/20299.html,utez,utez,utez-prazna,utez-prazna,utez-prazna
Recepti/20300.html,utez,utez,utez-prazna,utez-prazna,utez-prazna
Recepti/20301.html,utez,utez,utez-prazna,utez-prazna,utez-prazna
Recepti/20302.html,utez,utez,utez-prazna,utez-prazna,utez-prazna
Recepti/20303.html,utez,utez,utez-prazna,utez-prazna,utez-prazna
Recepti/20304.html,utez,utez,utez-prazna,utez-prazna,utez-prazna
Recepti/20305.html,utez,utez-prazna,utez-prazna,utez-prazna,utez-prazna
Recepti/20306.html,utez,utez-prazna,utez-prazna,utez-prazna,utez-prazna
Recepti/20307.html,utez,utez-prazna,utez-prazna,utez-prazna,utez-prazna
Recepti/20308.html,utez,utez-prazna,utez-prazna,utez-prazna,utez-prazna
Recepti/20309.html,utez,utez,utez,utez-prazna,utez-prazna
Recepti/20310.html,utez,utez,utez-prazna,utez-prazna,utez-prazna
Recepti/20311.html,utez,utez,utez,utez-prazna,utez-prazna
Recepti/20312.html,utez,utez,utez-prazna,utez-prazna,utez-prazna
Recepti/20313.html,utez,utez,utez-prazna,utez-prazna,utez-prazna
Recepti/20314.html,utez,utez-prazna,utez-prazna,utez-prazna,utez-prazna
Recepti/20315.html,utez,utez-prazna,utez-prazna,utez-prazna,utez-prazna
Recepti/20316.html,utez,utez-prazna,utez-prazna,utez-prazna,utez-prazna
Recepti/20317.html,utez,utez,utez,utez-prazna,utez-prazna
Recepti/20318.html,utez,utez-prazna,utez-prazna,utez-prazna,utez-prazna
Recepti/20319.html,utez,utez,utez-prazna,utez-prazna,utez-prazna
Recepti/20320.html,utez,utez,utez-prazna,utez-prazna,utez-prazna
Recepti/20321.html,utez,utez,utez-prazna,utez-prazna,utez-prazna
Recepti/20322.html,utez,utez,utez-prazna,utez-prazna,utez-prazna
Recepti/20323.html,utez,utez,utez-prazna,utez-prazna,utez-prazna
Recepti/20324.html,utez,utez-prazna,utez-prazna,utez-prazna,utez-prazna
Recepti/20325.html,utez,utez-prazna,utez-prazna,utez-prazna,utez-prazna
Recepti/20326.html,utez,utez,utez-prazna,utez-prazna,utez-prazna
Recepti/20327.html,utez,utez,utez-prazna,utez-prazna,utez-prazna
Recepti/20328.html,utez,utez-prazna,utez-prazna,utez-prazna,utez-prazna
Recepti/20329.html,utez,utez,utez,utez,utez-prazna
Recepti/20330.html,utez,utez,utez-prazna,utez-prazna,utez-prazna
Recepti/20331.html,utez,utez-prazna,utez-prazna,utez-prazna,utez-prazna
Recepti/20332.html,utez,utez-prazna,utez-prazna,utez-prazna,utez-prazna
Recepti/20333.html,utez,utez-prazna,utez-prazna,utez-prazna,utez-prazna
Recepti/20334.html,utez,utez,utez-prazna,utez-prazna,utez-prazna
Recepti/20337.html,utez,utez,utez,utez-prazna,utez-prazna
Recepti/20338.html,utez,utez,utez,utez-prazna,utez-prazna
Recepti/20339.html,utez,utez,utez-prazna,utez-prazna,utez-prazna
Recepti/20340.html,utez,utez,utez,utez,utez-prazna
Recepti/20341.html,utez,utez-prazna,utez-prazna,utez-prazna,utez-prazna
Recepti/20342.html,utez,utez,utez-prazna,utez-prazna,utez-prazna
Recepti/20343.html,utez,utez-prazna,utez-prazna,utez-prazna,utez-prazna
Recepti/20344.html,utez,utez,utez-prazna,utez-prazna,utez-prazna
Recepti/20345.html,utez,utez,utez-prazna,utez-prazna,utez-prazna
Recepti/20346.html,utez,utez,utez-prazna,utez-prazna,utez-prazna
Recepti/20347.html,utez,utez,utez-prazna,utez-prazna,utez-prazna
Recepti/20348.html,utez,utez,utez-prazna,utez-prazna,utez-prazna
Recepti/20349.html,utez,utez-prazna,utez-prazna,utez-prazna,utez-prazna
Recepti/20350.html,utez,utez-prazna,utez-prazna,utez-prazna,utez-prazna
Recepti/20351.html,utez,utez,utez-prazna,utez-prazna,utez-prazna
Recepti/20352.html,utez,utez,utez-prazna,utez-prazna,utez-prazna
Recepti/20355.html,utez,utez,utez-prazna,utez-prazna,utez-prazna
Recepti/20356.html,utez,utez,utez-prazna,utez-prazna,utez-prazna
Recepti/20357.html,utez,utez,utez-prazna,utez-prazna,utez-prazna
Recepti/20358.html,utez,utez-prazna,utez-prazna,utez-prazna,utez-prazna
Recepti/20359.html,utez,utez,utez-prazna,utez-prazna,utez-prazna
Recepti/20360.html,utez,utez-prazna,utez-prazna,utez-prazna,utez-prazna
Recepti/20361.html,utez,utez,utez,utez-prazna,utez-prazna
Recepti/20363.html,utez,utez,utez-prazna,utez-prazna,utez-prazna
Recepti/20364.html,utez,utez-prazna,utez-prazna,utez-prazna,utez-prazna
Recepti/20365.html,utez,utez,utez-prazna,utez-prazna,utez-prazna
Recepti/20366.html,utez,utez-prazna,utez-prazna,utez-prazna,utez-prazna
Recepti/20367.html,utez,utez,utez-prazna,utez-prazna,utez-prazna
Recepti/20368.html,utez,utez,utez-prazna,utez-prazna,utez-prazna
Recepti/20369.html,utez,utez-prazna,utez-prazna,utez-prazna,utez-prazna
Recepti/20370.html,utez,utez,utez-prazna,utez-prazna,utez-prazna
Recepti/20371.html,utez,utez,utez-prazna,utez-prazna,utez-prazna
Recepti/20372.html,utez,utez,utez-prazna,utez-prazna,utez-prazna
Recepti/20373.html,utez,utez-prazna,utez-prazna,utez-prazna,utez-prazna
Recepti/20374.html,utez,utez-prazna,utez-prazna,utez-prazna,utez-prazna
Recepti/20375.html,utez,utez,utez,utez,utez-prazna
Recepti/20376.html,utez,utez,utez-prazna,utez-prazna,utez-prazna
Recepti/20378.html,utez,utez-prazna,utez-prazna,utez-prazna,utez-prazna
Recepti/20379.html,utez,utez,utez,utez-prazna,utez-prazna
Recepti/20380.html,utez,utez-prazna,utez-prazna,utez-prazna,utez-prazna
Recepti/20381.html,utez,utez,utez,utez-prazna,utez-prazna
Recepti/20382.html,utez,utez-prazna,utez-prazna,utez-prazna,utez-prazna
Recepti/20384.html,utez,utez,utez-prazna,utez-prazna,utez-prazna
Recepti/20385.html,utez,utez-prazna,utez-prazna,utez-prazna,utez-prazna
Recepti/20386.html,utez,utez-prazna,utez-prazna,utez-prazna,utez-prazna
Recepti/20387.html,utez,utez-prazna,utez-prazna,utez-prazna,utez-prazna
Recepti/20388.html,utez,utez-prazna,utez-prazna,utez-prazna,utez-prazna
Recepti/20389.html,utez,utez-prazna,utez-prazna,utez-prazna,utez-prazna
Recepti/20390.html,utez,utez-prazna,utez-prazna,utez-prazna,utez-prazna
Recepti/20391.html,utez,utez-prazna,utez-prazna,utez-prazna,utez-prazna
Recepti/20392.html,utez,utez,utez,utez-prazna,utez-prazna
Recepti/20393.html,utez,utez,utez-prazna,utez-prazna,utez-prazna
Recepti/20394.html,utez,utez,utez-prazna,utez-prazna,utez-prazna
Recepti/20395.html,utez,utez,utez-prazna,utez-prazna,utez-prazna
Recepti/20396.html,utez,utez,utez-prazna,utez-prazna,utez-prazna
Recepti/20397.html,utez,utez,utez-prazna,utez-prazna,utez-prazna
Recepti/20398.html,utez,utez-prazna,utez-prazna,utez-prazna,utez-prazna
Recepti/20399.html,utez,utez,utez,utez-prazna,utez-prazna
Recepti/20400.html,utez,utez,utez,utez-prazna,utez-prazna
