ime_uporabnika,naziv1,naziv2,dan,mesec,leto
DUŠANKA,Vrhunski mojster,(kuhar; komentator; fotograf),12,7,2005
rimljanka,Vrhunski mojster,(komentator),14,2,2005
mamamia,Vrhunski mojster,(kuhar; komentator; fotograf),9,11,2004
anamarija1,Vrhunski mojster,(kuhar; komentator; fotograf),19,8,2005
Dragička,Vrhunski mojster,(kuhar; komentator; fotograf),9,12,2003
Trixi,Vrhunski mojster,"(kuhar; komentator)",23,9,2003
katka lopatka,Vrhunski mojster,(kuhar; komentator; fotograf),1,12,2006
Vendelina jr.,Vrhunski mojster,"(kuhar; komentator)",17,5,2006
mopsika,Vrhunski mojster,"(kuhar; komentator)",5,3,2014
ežoj,Vrhunski mojster,"(komentator; fotograf)",24,2,2006
jade,Vrhunski mojster,(kuhar; komentator; fotograf),11,11,2004
elaphus,Vrhunski mojster,(kuhar; komentator; fotograf),27,9,2002
Loni,Vrhunski mojster,"(kuhar; komentator)",12,12,2001
babka1951,Vrhunski mojster,"(komentator; fotograf)",22,8,2012
bannanna,Vrhunski mojster,(kuhar; komentator; fotograf),25,5,2006
Vanja_v_ZDA,Vrhunski mojster,(kuhar; komentator; fotograf),14,11,2008
Vrtejbenka,Vrhunski mojster,(kuhar; komentator; fotograf),15,2,2011
stana.r,Vrhunski mojster,(kuhar; komentator; fotograf),28,11,2004
naor,Vrhunski mojster,(komentator),4,3,2010
morska medvedka,Vrhunski mojster,(kuhar; komentator; fotograf),31,8,2004
suziqatro,Vrhunski mojster,(kuhar; komentator; fotograf),25,4,2011
SMARTY1,Vrhunski mojster,(kuhar; komentator; fotograf),26,2,2014
mišzmoke,Vrhunski mojster,"(komentator; fotograf)",28,8,2010
nb,Vrhunski mojster,"(komentator; fotograf)",29,11,2005
gogad,Vrhunski mojster,"(komentator; fotograf)",28,4,2004
ribaracarak,Vrhunski mojster,"(komentator; fotograf)",3,4,2003
hedonist,Vrhunski mojster,"(komentator; fotograf)",26,6,2008
jernej,Vrhunski mojster,"(kuhar; komentator)",30,8,2001
limnol,Vrhunski mojster,"(kuhar; komentator)",16,11,2001
Migla,Vrhunski mojster,(kuhar; komentator; fotograf),16,6,2004
anka,Vrhunski mojster,(kuhar; komentator; fotograf),7,9,2005
Katarinči,Vrhunski mojster,"(komentator; fotograf)",27,12,2015
breskva,Vrhunski mojster,"(komentator; fotograf)",11,10,2007
Pitončica,Vrhunski mojster,(kuhar; komentator; fotograf),7,6,2005
Veri,Vrhunski mojster,"(kuhar; komentator)",21,10,2004
Marinka,Vrhunski mojster,(kuhar),3,9,2001
Ognjič,Vrhunski mojster,(komentator),18,1,2006
lidka,Vrhunski mojster,"(kuhar; komentator)",16,12,2002
mamaF,Vrhunski mojster,(kuhar; komentator; fotograf),21,1,2008
Atina,Vrhunski mojster,"(komentator; fotograf)",29,11,2004
Ninja24,Vrhunski mojster,(kuhar; komentator; fotograf),31,3,2007
Katarina K,Vrhunski mojster,"(komentator; fotograf)",5,7,2008
Reca,Vrhunski mojster,(komentator),1,3,2004
nola,Vrhunski mojster,(kuhar; komentator; fotograf),25,1,2006
sarabande,Vrhunski mojster,(kuhar; komentator; fotograf),1,5,2002
Julya,Vrhunski mojster,"(kuhar; komentator)",9,12,2004
Blanchy,Vrhunski mojster,"(komentator; fotograf)",22,12,2005
Cila,Vrhunski mojster,(komentator),5,10,2006
lucka52,Vrhunski mojster,(kuhar; komentator; fotograf),13,7,2007
tulka,Vrhunski mojster,(komentator),9,8,2008
Simona84,Vrhunski mojster,(komentator),27,10,2005
katti,Vrhunski mojster,(kuhar; komentator; fotograf),4,11,2005
hribovc61,Vrhunski mojster,"(komentator; fotograf)",14,10,2013
Kyara,Vrhunski mojster,(kuhar; komentator; fotograf),24,5,2006
tjas,Vrhunski mojster,"(kuhar; komentator)",15,4,2003
rebecca,Vrhunski mojster,(komentator),19,3,2002
marta,Vrhunski mojster,(kuhar; komentator; fotograf),31,8,2001
fakin712,Vrhunski mojster,(komentator),29,3,2005
proxima,Vrhunski mojster,"(kuhar; komentator)",21,10,2003
Balenka,Vrhunski mojster,(komentator),28,4,2004
majamarko,Vrhunski mojster,(komentator),26,9,2003
ligojna,Vrhunski mojster,(kuhar; komentator; fotograf),22,12,2003
vanjatajnsek,Vrhunski mojster,(kuhar; komentator; fotograf),6,6,2005
zzak1977,Vrhunski mojster,(komentator),31,7,2009
anja,Vrhunski mojster,(kuhar; komentator; fotograf),2,9,2001
nenci,Vrhunski mojster,(),10,8,2005
MBrando,Vrhunski mojster,(komentator),4,8,2011
primozg,Vrhunski mojster,"(kuhar; fotograf)",11,3,2003
darjuška,Vrhunski mojster,(kuhar; komentator; fotograf),4,7,2005
ZAČETNICA,Vrhunski mojster,(komentator),2,2,2007
Jelenckova,Vrhunski mojster,"(kuhar; komentator)",30,3,2005
mimika,Vrhunski mojster,(komentator),7,1,2002
fresh,Vrhunski mojster,"(kuhar; komentator)",4,5,2006
kozamurnik,Vrhunski mojster,(komentator),8,3,2008
rosie,Vrhunski mojster,"(komentator; fotograf)",15,9,2007
jasna1,Vrhunski mojster,"(kuhar; komentator)",24,9,2005
JanisJoplin,Vrhunski mojster,(komentator),20,1,2011
Sweetie,Vrhunski mojster,(kuhar; komentator; fotograf),22,1,2004
miia,Vrhunski mojster,(kuhar; komentator; fotograf),21,12,2005
matilda,Vrhunski mojster,(komentator),16,8,2006
marjja,Vrhunski mojster,(komentator),6,9,2011
galja,Šef,"(kuhar; komentator)",6,7,2004
Roncolino,Šef,(kuhar; komentator; fotograf),26,3,2007
kobra 1,Šef,(komentator),15,6,2006
katjushka,Šef,(komentator),15,9,2004
mizarka,Šef,"(komentator; fotograf)",24,5,2006
Lisa,Šef,(komentator),13,1,2005
dari,Šef,(komentator),21,8,2004
anaeva,Šef,(komentator),14,11,2007
Riko,Šef,"(kuhar; komentator)",30,8,2001
Marjetka cvetka,Šef,"(kuhar; komentator)",27,12,2004
DBpek,Šef,"(komentator; fotograf)",19,6,2012
aki,Šef,"(kuhar; komentator)",23,4,2004
Vesna rada peče,Šef,"(kuhar; fotograf)",9,11,2013
Lijana,Šef,(komentator),6,12,2002
sweets,Šef,(kuhar; komentator; fotograf),16,8,2008
SINEJA,Šef,"(komentator; fotograf)",22,9,2006
riba-ribica,Šef,(komentator),25,2,2005
Fala Slonček,Šef,"(kuhar; fotograf)",2,10,2015
buča,Šef,(komentator),29,7,2006
kača,Šef,"(komentator; fotograf)",11,1,2004
majdi,Šef,(kuhar; komentator; fotograf),18,11,2003
andreja m,Šef,"(kuhar; komentator)",12,10,2010
Milži,Šef,(komentator),8,6,2007
marelica,Šef,(komentator),27,8,2005
spodbe,Šef,"(komentator; fotograf)",18,12,2009
MiriBon,Šef,(komentator),25,10,2011
katrin11,Šef,(komentator),3,1,2010
ledenka_,Šef,(kuhar; komentator; fotograf),27,12,2009
Anomis,Šef,"(kuhar; komentator)",4,11,2003
irenakr,Šef,"(komentator; fotograf)",3,11,2010
zeta,Šef,(komentator),21,5,2009
daga,Šef,"(kuhar; komentator)",18,5,2007
RadaJem,Šef,(komentator),12,6,2006
angie.orhideja,Šef,"(komentator; fotograf)",14,7,2008
Dolores,Šef,(komentator),20,6,2005
teta torta,Šef,(komentator),6,9,2005
Nena-morje,Šef,"(komentator; fotograf)",21,12,2005
rdkapica,Šef,(komentator),31,7,2006
tumpika,Šef,(komentator),14,3,2006
spagon,Šef,(komentator),12,6,2007
anja27,Šef,"(kuhar; komentator)",2,6,2005
Venturini,Šef,"(kuhar; komentator)",29,1,2002
ksenjako,Šef,(komentator),10,10,2004
Anemiilat,Šef,(),7,9,2016
renata69,Šef,(komentator),27,3,2007
terlikar 1,Šef,"(kuhar; komentator)",10,3,2005
Lady_L,Šef,(komentator),26,8,2003
sinicka,Šef,"(komentator; fotograf)",2,6,2010
MissLady,Šef,(kuhar; komentator; fotograf),1,7,2005
s0ncek*,Šef,(komentator),23,4,2007
receptor,Šef,"(komentator; fotograf)",18,10,2008
ena mš,Šef,(komentator),18,11,2006
Teka,Šef,(komentator),21,8,2005
fasulas,Šef,(kuhar; komentator; fotograf),26,12,2007
pinka,Šef,(komentator),17,6,2004
mojezlato,Šef,(komentator),10,12,2012
matjaž,Šef,(komentator),13,1,2002
Sanja_G,Šef,"(kuhar; fotograf)",11,12,2011
jančibake,Šef,"(kuhar; fotograf)",27,9,2014
val,Šef,"(kuhar; komentator)",7,3,2006
veverica,Šef,(komentator),12,11,2001
drejcek,Šef,(komentator),11,1,2004
bučmanka,Šef,(),11,4,2013
Vesnuska,Šef,"(kuhar; komentator)",1,1,2011
titta,Šef,(komentator),28,9,2006
666,Šef,"(kuhar; komentator)",14,7,2005
Sy,Šef,(komentator),11,12,2003
Kristalka,Šef,(komentator),31,3,2007
tedyka,Šef,(komentator),23,4,2009
Katja D,Šef,(kuhar; komentator; fotograf),20,5,2006
OlivaB,Šef,(kuhar; komentator; fotograf),5,7,2011
_ZALA_,Šef,(komentator),21,10,2003
VilmaS,Šef,(komentator),10,10,2003
jaša,Šef,(komentator),1,2,2008
čebulka,Pomočnik,(komentator),31,1,2009
Rožica,Pomočnik,(komentator),13,9,2004
galyka,Pomočnik,(komentator),13,10,2004
shari2007,Pomočnik,(komentator),29,6,2012
TORTICA,Pomočnik,(komentator),5,8,2002
ninkica,Pomočnik,"(komentator; fotograf)",31,10,2008
tanjaj,Pomočnik,(komentator),15,6,2007
nektarina,Pomočnik,(komentator),15,2,2006
linolina,Pomočnik,(kuhar; komentator; fotograf),15,3,2008
silva,Pomočnik,(komentator),1,10,2002
mali kuhar,Pomočnik,"(kuhar; komentator)",14,10,2011
sweety,Pomočnik,"(komentator; fotograf)",27,3,2006
alexis,Pomočnik,(komentator),30,5,2006
klavdijaB,Pomočnik,(komentator),31,3,2004
tinca,Pomočnik,(komentator),3,9,2001
Jannaa,Pomočnik,"(komentator; fotograf)",29,11,2009
jankica,Pomočnik,(komentator),12,10,2005
terezija,Pomočnik,(komentator),26,5,2003
lisicka,Pomočnik,(komentator),22,12,2004
Jerneja USA,Pomočnik,(komentator),24,11,2006
čoko,Pomočnik,(komentator),19,11,2007
slivovi cmoki,Pomočnik,(kuhar; komentator; fotograf),7,8,2012
t-baby,Pomočnik,"(kuhar; komentator)",14,12,2003
beva,Pomočnik,(komentator),7,1,2010
SUZANAZ,Pomočnik,(komentator),11,6,2003
natalikuha,Začetnik,,6,7,2014
kuhardenis,Začetnik,,26,1,2015
vitta555,Začetnik,,2,11,2013
November_Moon,Začetnik,,27,11,2013
bojanz6,Začetnik,,28,1,2014
JelkaF,Začetnik,,25,9,2014
pultica,Začetnik,,10,4,2012
BlurredLimes,Začetnik,,10,12,2014
Chef95,Pripravnik,,26,7,2014
mdominko,Začetnik,,11,10,2014
mmmuffinsandco,Začetnik,,21,10,2014
galy,Začetnik,,14,12,2014
Kanna1984,Začetnik,,4,2,2011
Mme,Pripravnik,,6,7,2010
danica85,Pripravnik,,23,2,2014
MP214,Začetnik,,28,4,2015
sharonstone,Začetnik,,14,12,2009
cincila73,Začetnik,,1,1,2011
sandra68,Začetnik,,29,4,2014
Frklaa,Pripravnik,,27,6,2009
nastjaa,Začetnik,,15,10,2014
piskrcek,Pripravnik,,12,12,2014
zivagreen,Začetnik,,18,4,2015
MMATEYKA,Začetnik,,5,11,2012
ancikabanancika,Začetnik,,15,10,2014
tyros,Začetnik,,17,11,2008
Nina_Nia,Začetnik,,3,5,2015
gobica10,Začetnik,,3,8,2011
teodorca,Začetnik,,22,2,2015
Barbara_M,Začetnik,,19,5,2014
Sandra_a,Pomočnik,"(kuhar; komentator)",6,12,2010
anya_raikkonen,Pripravnik,(kuhar),3,6,2007
spakica,Začetnik,,22,10,2014
goga,Pripravnik,"(kuhar; komentator)",23,6,2002
tulipanka,Pripravnik,(kuhar),22,3,2011
pikapolonica80,Pripravnik,(kuhar),17,10,2010
anja5588,Začetnik,,14,2,2015
Dunchi,Začetnik,,30,12,2014
SandraM,Začetnik,,27,3,2013
majacebelica,Pripravnik,"(kuhar; komentator)",11,2,2010
blala,Začetnik,,18,3,2015
ljuljak,Pripravnik,(kuhar),9,2,2009
AriadnaXY,Začetnik,,14,4,2012
Lojzka123,Začetnik,,7,12,2014
kristi_22,Začetnik,,28,10,2013
metuljcica23,Začetnik,,26,9,2014
sa_m,Začetnik,,6,6,2011
pekicabest,Začetnik,,9,8,2014
Marina_M,Začetnik,,23,3,2012
simond,Pripravnik,,6,4,2007
mihelich,Začetnik,,29,10,2003
ancii,Začetnik,,22,1,2015
Janja,Pripravnik,"(kuhar; komentator)",10,10,2001
borutdez,Začetnik,,25,8,2004
14moniii,Začetnik,,16,11,2014
Popers,Začetnik,,25,10,2014
PetraPan,Začetnik,,3,12,2014
vesoljec,Začetnik,,23,2,2015
05sostar,Začetnik,,20,2,2011
nivkapivka,Pripravnik,(fotograf),29,4,2010
tibe,Pripravnik,,20,2,2008
Celeste,Začetnik,,22,3,2015
strukla,Začetnik,,2,1,2015
ajga1,Začetnik,,18,7,2012
pilatus,Pripravnik,(kuhar),25,10,2010
scobidoo1234,Začetnik,,19,4,2015
Levinjav,Pomočni,"(kuhar; komentator)",15,11,2005
bananasplit14,Začetnik,,8,4,2014
little_me,Začetnik,,30,11,2014
npahor4,Pripravnik,,16,1,2009
ssilva,Pomočnik,(komentator),23,2,2005
nessy21,Začetnik,,1,9,2014
dorca,Začetnik,,22,7,2006
Maja92,Začetnik,,16,8,2014
barbaraca,Začetnik,,5,8,2014
abaximan,Začetnik,,4,7,2014
lanakuft,Začetnik,,27,12,2014
smajo,Začetnik,,27,12,2012
anci1234,Začetnik,,8,10,2014
nxyz,Pripravnik,,3,10,2014
RahXephon1,Začetnik,,16,7,2012
kuhardenis,Začetnik,,26,1,2015
sportdelta,Začetnik,,12,11,2014
Vesper,Pripravnik,,11,4,2012
billika5,Začetnik,,19,6,2010
Olga321,Začetnik,,11,3,2015
posavka,Začetnik,,28,11,2011
pestoja,Začetnik,,28,12,2014
Evvva,Pripravnik,(kuhar),1,3,2014
Jamjam,Začetnik,,11,12,2011
pegasti,Pripravnik,"(kuhar;komentator)",7,1,2003
Tanja01,Začetnik,,17,7,2014
SUFLE,Začetnik,,19,1,2015
gegy,Začetnik,,8,3,2007
kepa11,Pripravnik,,20,9,2010
Abeta,Začetnik,,24,2,2005
topsi,Pripravnik,,3,6,2009
fizik,Začetnik,,15,2,2015
Mandi_doo,Začetnik,,5,12,2011
dado1010,Začetnik,,11,1,2006
nanastil,Začetnik,,27,1,2015
missan,Pripravnik,(kuhar),17,6,2011
Pesjaner1,Pripravnik,(kuhar),10,2,2014
teyc,Začetnik,,4,6,2014
anasteele,Začetnik,,20,4,2015
noangel,Začetnik,,25,4,2015
dobrejedi,Pripravnik,(kuhar),8,10,2011
Nejcha,Začetnik,,7,1,2015
Valchxy,Začetnik,,28,9,2014
BarByKaa,Začetnik,,3,1,2009
KarelVeliki,Začetnik,,22,2,2013
branco,Začetnik,,30,11,2007
P3T4A,Začetnik,,6,4,2013
ancica003,Začetnik,,22,11,2014
Patricija92,Začetnik,,18,12,2015
aryy,Pripravnik,(kuhar),28,8,2010
beno71,Začetnik,,3,1,2010
ZvonkaK,Pomočnik,(kuhar),1,12,2011
midvakuhava,Začetnik,,12,10,2014
lellykely,Pripravnik,,30,11,2013
piciikaa,Začetnik,,16,4,2015
evc79,Začetnik,,5,5,2010
natalikuha,Začetnik,,6,7,2014
BlizuMesta,Začetnik,,2,6,2014
Merlisa,Začetnik,,27,2,2010
anneycyrus,Začetnik,,5,7,2012
Victor,Pripravnik,,30,5,2013
micimaci,Začetnik,,5,4,2013
Receptomanka,Začetnik,,6,1,2015
nerwen,Začetnik,,15,12,2009
kokljeva,Začetnik,,16,3,2015
skinna,Začetnik,,21,3,2015
fruza,Pripravnik,,19,8,2012
Vanillia,Pripravnik,(kuhar),5,4,2015
P_89,Začetnik,,28,12,2010
zes5ana,Pomočnik,(kuhar;fotograf),9,6,2010
gurmankaH,Začetnik,,30,9,2009
Piskotka,Začetnik,,16,10,2014
jasna83,Začetnik,,9,12,2012
andda,Začetnik,,3,10,2007
MihaelaB,Začetnik,,24,2,2013
svenska,Pomočnik,(komentator),7,11,2008
bs_ovka,Začetnik,,3,12,2013
Brusnica,Začetnik,,9,11,2006
kambro,Začetnik,,10,6,2012
Omnomnom,Začetnik,,13,1,2013